PORT ID, PORT_NAME, CONTAINERS, CITY, COUNTRY 
0,null,0,null,Canada
100,Congue Limited,80,Ningxia,United States
101,Diam Sed Inc.,102,Canberra,United States
102,Hendrerit Neque Industries,190,Gulfport,India
103,Accumsan Sed Foundation,169,Maidstone,Germany
104,Adipiscing Fringilla PC,77,Henstedt-Ulzburg,India
105,Nunc Ac Associates,52,Karlsruhe,United States
106,Ultrices Limited,177,Qinghai,Germany
107,In Ornare Sagittis Industries,176,Reading,India
108,Magna Malesuada LLC,45,Stornaway,India
109,Nullam Feugiat Corporation,177,Darbhanga,United States
110,Turpis PC,168,Bautzen,United Kingdom
111,Eleifend Nunc Consulting,148,Qinghai,India
112,Vulputate Consulting,147,Shanghai,India
113,Dis Corp.,39,Hamburg,United Kingdom
114,Luctus Corporation,134,Inner Mongolia,Australia
115,Laoreet Consulting,167,Newport News,United Kingdom
116,Nulla Semper Tellus PC,66,Springfield,Germany
117,Eros Associates,67,Cannock,United Kingdom
118,Nulla LLP,28,Forfar,United States
119,Dolor Quam Elementum Foundation,53,Ribnitz-Damgarten,India
120,Curabitur Consequat Lectus Industries,125,Sichuan,India
121,Montes Nascetur Ridiculus Associates,73,Sichuan,Australia
122,Accumsan LLC,196,Tianjin,India
123,Mauris Foundation,88,San Antonio,Australia
124,Rutrum Non Institute,187,Ningxia,United States
125,Consequat Dolor Ltd,144,Merseburg,United States
126,Amet Ultricies Sem LLP,55,Berlin,Australia
127,Nibh Corporation,56,Jammu,India
128,Libero Associates,172,Augusta,United Kingdom
129,Lorem Lorem Limited,25,Guangdong,China
130,Lacus Cras Interdum Consulting,194,Liaoning,China
131,Donec Ltd,27,Whyalla,India
132,Sem Pellentesque Foundation,178,Hunan,Germany
133,Vel Mauris Integer PC,200,Bonn,India
134,Nunc Sed Inc.,35,Indianapolis,China
135,Nibh Dolor Incorporated,32,Melville,United States
136,In Faucibus Orci LLP,145,Beijing,China
137,Magna Ut Foundation,30,Guangxi,United Kingdom
138,Elit Inc.,128,Austin,India
139,Suspendisse Ac Metus PC,186,Lalbahadur Nagar,Australia
140,Odio Auctor Foundation,63,Schwalbach,United States
141,Tellus Institute,40,Glauchau,China
142,Phasellus Dapibus Quam Foundation,158,Stranraer,United States
143,Lectus A Institute,28,Gansu,China
144,Laoreet Lectus Quis Corporation,78,Canberra,Germany
145,Curabitur Dictum Phasellus Consulting,160,Daman,Australia
146,Odio Semper Company,116,Shimoga,China
147,Consequat Nec Mollis Industries,144,Andernach,Australia
148,Vivamus Non LLC,24,Stamford,India
149,Arcu Imperdiet Corporation,22,St. Asaph,United States
